{
    "id": "optimus_delta",
    "version": 2,
    "name": "Optimus Delta",
    "inherits": "fdmprinter",
    "metadata": {
        "visible": true,
        "author": "C.V.L",
        "manufacturer": "FebtopTech",
        "category": "Other",
        "file_formats": "text/x-gcode",
        "platform": "optimus_delta_platform.stl",
        "platform_offset": [0, 0, 0],
        "first_start_actions": ["DiscoverOPTAction","CNCLeaderAction" ],
        "supported_actions": [ "DiscoverOPTAction","CNCLeaderAction"  ]
    },
    "overrides": {
        "machine_heated_bed": {
            "default_value": true
        },
        "machine_width": {
            "default_value": 240
        },
        "machine_height": {
            "default_value": 300
        },
        "machine_depth": {
            "default_value": 240
        },
        "machine_center_is_zero": {
            "default_value": true
        },
        "machine_nozzle_size": {
            "default_value": 0.4
        },
        "material_diameter": {
            "default_value": 1.75
        },
        "machine_nozzle_heat_up_speed": {
            "default_value": 2
        },
        "machine_nozzle_cool_down_speed": {
            "default_value": 2
        },
        "machine_gcode_flavor": {
            "default_value": "RepRap (Marlin/Sprinter)"
        },
        "machine_start_gcode": {
            "default_value": "G21 ;metric values\nG90 ;absolute positioning\nM107 ;start with the fan off\nG92 E0 ;zero the extruded length\nG1 E-3 F200  ;extrude 3mm of feed stock\nG92 E0 ;zero the extruded length again\nG28 ;move to endstops\nG31\nM374\nG1 X0 Y0 F3000\nG30 Z0\nG1 Y-23.6 F6000\nG92.1\nM306 Z1.0\nM375\nG1 Z20 F3000\nG1 X-99.6 Y57.5 Z3 F4000\nG92 E0 ;zero the extruded length\nG1 E20 F200 ;extrude 3mm of feed stock\nG92 E0 ;zero the extruded length again\nM117 Printing..."
        },
        "machine_end_gcode": {
            "default_value": "M104 S0 ; turn off temperature\nM140 S0 ; turn off bed\nG28 ; home all axes\nM84 ; disable motors\n"
        },
        "machine_shape": {
            "default_value": "elliptic"
        }
    }
}
